<?xml version="1.0" encoding="utf-8" ?>
<odoo>
    <data noupdate="0">
        <record id="module_category_service" model="ir.module.category">
            <field name="name">Service</field>
        </record>
        <record id="group_service_client" model="res.groups">
            <field name="name">Client</field>
            <field name="category_id" ref="module_category_service" />
            <field name="implied_ids" eval="[(4, ref('base.group_user'))]" />
            <field name="users" eval="[(4, ref('base.user_root'))]" />
        </record>
        <record id="group_service_user" model="res.groups">
            <field name="name">User</field>
            <field name="category_id" ref="module_category_service" />
            <field name="implied_ids" eval="[(4, ref('group_service_client'))]" />
        </record>
        <record id="group_service_manager" model="res.groups">
            <field name="name">Manager</field>
            <field name="category_id" ref="module_category_service" />
            <field name="implied_ids" eval="[(4, ref('group_service_user'))]" />
            <field name="users" eval="[(4, ref('base.user_root')), (4, ref('base.user_admin'))]" />
        </record>
    </data>


</odoo>
