<?xml version="1.0" ?>
<odoo>
    <!-- Make a new category   -->
    <record model="ir.module.category" id="module_client_equipment_category">
        <field name="name">Client Equipment</field>
        <field name="description">Access to client_equipment module</field>
        <field name="sequence">16</field>
    </record>

    <!-- Create a user group   -->
    <record id="group_client_equipment_user" model="res.groups">
        <field name="name">Client Equipment User</field>
        <field name="category_id" ref="client_equipment.module_client_equipment_category"/>
        <field name="users" eval="[(4, ref('base.group_user'))]"/>
    </record>

    <!-- Create an admin group   -->
    <record id="group_client_equipment_administrator" model="res.groups">
        <field name="name">Client Equipment Administrator</field>
        <field name="implied_ids" eval="[(4, ref('group_client_equipment_user'))]"/>
        <field name="category_id" ref="client_equipment.module_client_equipment_category"/>
        <field name="users" eval="[(4, ref('base.user_root')), (4, ref('base.user_admin'))]"/>
    </record>
</odoo>
