<?xml version="1.0" encoding="utf-8" ?>
<openerp>
    <data noupdate="1">
        <record id="sequence_equipment" model="ir.sequence">
            <field name="name">Service Equipment</field>
            <field name="code">service.equipment</field>
            <field name="prefix">E</field>
            <field name="padding">5</field>
            <field name="number_next">1</field>
            <field name="number_increment">1</field>
        </record>
        <record id="sequence_location" model="ir.sequence">
            <field name="name">Service Location</field>
            <field name="code">service.location</field>
            <field name="prefix">E</field>
            <field name="padding">5</field>
            <field name="number_next">1</field>
            <field name="number_increment">1</field>
        </record>

    </data>
    <data noupdate="1">
        <record id="sequence_meter" model="ir.sequence">
            <field name="name">Service Meter</field>
            <field name="prefix">M</field>
            <field name="padding">5</field>
            <field name="number_next">1</field>
            <field name="number_increment">1</field>
        </record>
    </data>
    <data noupdate="1">
        <record forcecreate="True" id="decimal_meter_value" model="decimal.precision">
            <field name="name">Meter Value</field>
            <field name="digits">2</field>
        </record>
    </data>
</openerp>
