<?xml version="1.0" encoding="utf-8" ?>
<odoo>
    <data>
        <menuitem
            name="Agreement"
            id="menu_service_agr"
            parent="deltatech_service_base.menu_service_app"
            sequence="200"
        />
    </data>
    <data noupdate="1">
        <record id="sequence_agreement" model="ir.sequence">
            <field name="name">Service agreement</field>
            <field name="prefix">AG/</field>
            <field name="padding">5</field>
            <field name="number_next">1</field>
            <field name="number_increment">1</field>
        </record>
        <record forcecreate="True" id="decimal_service_price" model="decimal.precision">
            <field name="name">Service Price</field>
            <field name="digits">3</field>
        </record>
    </data>
    <data noupdate="1">
        <record id="cycle_monthly" model="service.cycle">
            <field name="name">Monthly</field>
            <field name="value">1</field>
            <field name="unit">month</field>
        </record>
        <record id="cycle_quarterly" model="service.cycle">
            <field name="name">Quarterly</field>
            <field name="value">3</field>
            <field name="unit">month</field>
        </record>
        <record id="cycle_yearly" model="service.cycle">
            <field name="name">Yearly</field>
            <field name="value">1</field>
            <field name="unit">year</field>
        </record>
    </data>


    <record id="ir_cron_billing_automation" model="ir.cron">
        <field name="name">Billing automation</field>
        <field name="model_id" ref="model_service_agreement" />
        <field name="state">code</field>
        <field name="numbercall">-1</field>
        <field name="code">model.make_billing_automation()</field>
        <field name="interval_number">1</field>
        <field name="interval_type">days</field>
        <field name="user_id" ref="base.user_root" />
    </record>

</odoo>
